,InChI,smiles,rt_seconds,rt_minutes
2,"InChI=1S/C22H18O11/c23-10-5-12(24)11-7-18(33-22(31)9-3-15(27)20(30)16(28)4-9)21(32-17(11)6-10)8-1-13(25)19(29)14(26)2-8/h1-6,18,21,23-30H,7H2",C1C(C(OC2=CC(=CC(=C21)O)O)C3=CC(=C(C(=C3)O)O)O)OC(=O)C4=CC(=C(C(=C4)O)O)O,1337.55,22.2925
5,"InChI=1S/C20H22O9/c21-9-16-17(25)18(26)19(27)20(29-16)28-13-6-11(5-12(22)8-13)2-1-10-3-4-14(23)15(24)7-10/h1-8,16-27H,9H2",C1=CC(=C(C=C1C=CC2=CC(=CC(=C2)OC3C(C(C(C(O3)CO)O)O)O)O)O)O,1362.0,22.7
6,"InChI=1S/C24H20O9/c25-14-3-1-10(5-17(14)28)12-8-21(31)32-20-9-16(27)13-7-19(30)23(33-24(13)22(12)20)11-2-4-15(26)18(29)6-11/h1-6,9,12,19,23,25-30H,7-8H2",C1C(C(OC2=C1C(=CC3=C2C(CC(=O)O3)C4=CC(=C(C=C4)O)O)O)C5=CC(=C(C=C5)O)O)O,1565.4,26.09
8,"InChI=1S/C28H22O6/c29-20-7-2-16(3-8-20)1-4-18-11-24(33)15-25-26(18)27(19-12-22(31)14-23(32)13-19)28(34-25)17-5-9-21(30)10-6-17/h1-15,27-33H",C1=CC(=CC=C1C=CC2=C3C(C(OC3=CC(=C2)O)C4=CC=C(C=C4)O)C5=CC(=CC(=C5)O)O)O,2007.6,33.46
9,"InChI=1S/C20H22O8/c21-10-16-17(24)18(25)19(26)20(28-16)27-15-8-12(7-14(23)9-15)2-1-11-3-5-13(22)6-4-11/h1-9,16-26H,10H2",C1=CC(=CC=C1C=CC2=CC(=CC(=C2)OC3C(C(C(C(O3)CO)O)O)O)O)O,1635.0,27.25
11,"InChI=1S/C14H6O8/c15-5-1-3-7-8-4(14(20)22-11(7)9(5)17)2-6(16)10(18)12(8)21-13(3)19/h1-2,15-18H",C1=C2C3=C(C(=C1O)O)OC(=O)C4=CC(=C(C(=C43)OC2=O)O)O,1812.0,30.2
17,"InChI=1S/C56H42O12/c57-29-9-1-25(2-10-29)45-47-37(17-33(61)21-41(47)65)53-49-39(19-35(63)23-43(49)67-55(53)27-5-13-31(59)14-6-27)51(45)52-40-20-36(64)24-44-50(40)54(56(68-44)28-7-15-32(60)16-8-28)38-18-34(62)22-42(66)48(38)46(52)26-3-11-30(58)12-4-26/h1-24,45-46,51-66H",C1=CC(=CC=C1C2C(C3=C4C(C(OC4=CC(=C3)O)C5=CC=C(C=C5)O)C6=C2C(=CC(=C6)O)O)C7C(C8=C(C=C(C=C8O)O)C9C(OC1=CC(=CC7=C91)O)C1=CC=C(C=C1)O)C1=CC=C(C=C1)O)O,1553.4,25.89
18,"InChI=1S/C22H22O12/c1-31-12-4-8(2-3-10(12)25)20-21(17(28)15-11(26)5-9(24)6-13(15)32-20)34-22-19(30)18(29)16(27)14(7-23)33-22/h2-6,14,16,18-19,22-27,29-30H,7H2,1H3",COC1=C(C=CC(=C1)C2=C(C(=O)C3=C(C=C(C=C3O2)O)O)OC4C(C(C(C(O4)CO)O)O)O)O,1891.8,31.529999999999998
19,"InChI=1S/C28H32O16/c1-9-18(32)21(35)23(37)27(41-9)40-8-16-19(33)22(36)24(38)28(43-16)44-26-20(34)17-13(31)6-11(29)7-15(17)42-25(26)10-3-4-12(30)14(5-10)39-2/h3-7,9,16,18-19,21-24,27-33,35-38H,8H2,1-2H3",CC1C(C(C(C(O1)OCC2C(C(C(C(O2)OC3=C(OC4=CC(=CC(=C4C3=O)O)O)C5=CC(=C(C=C5)O)OC)O)O)O)O)O)O,1902.0,31.7
20,"InChI=1S/C21H24O9/c1-28-16-8-11(4-5-15(16)24)2-3-12-6-13(23)9-14(7-12)29-21-20(27)19(26)18(25)17(10-22)30-21/h2-9,17-27H,10H2,1H3",COC1=C(C=CC(=C1)C=CC2=CC(=CC(=C2)OC3C(C(C(C(O3)CO)O)O)O)O)O,1567.8,26.13
21,"InChI=1S/C21H20O11/c22-7-13-15(26)17(28)18(29)21(31-13)32-20-16(27)14-11(25)5-10(24)6-12(14)30-19(20)8-1-3-9(23)4-2-8/h1-6,13,15,17-18,21-26,28-29H,7H2",C1=CC(=CC=C1C2=C(C(=O)C3=C(C=C(C=C3O2)O)O)OC4C(C(C(C(O4)CO)O)O)O)O,1875.0,31.25
22,"InChI=1S/C27H30O15/c1-9-17(31)20(34)22(36)26(39-9)38-8-15-18(32)21(35)23(37)27(41-15)42-25-19(33)16-13(30)6-12(29)7-14(16)40-24(25)10-2-4-11(28)5-3-10/h2-7,9,15,17-18,20-23,26-32,34-37H,8H2,1H3",CC1C(C(C(C(O1)OCC2C(C(C(C(O2)OC3=C(OC4=CC(=CC(=C4C3=O)O)O)C5=CC=C(C=C5)O)O)O)O)O)O)O,1881.0,31.35
23,"InChI=1S/C21H20O11/c22-7-16-18(27)19(28)20(29)21(32-16)30-9-4-12(25)17-13(26)6-14(31-15(17)5-9)8-1-2-10(23)11(24)3-8/h1-6,16,18-25,27-29H,7H2",C1=CC(=C(C=C1C2=CC(=O)C3=C(C=C(C=C3O2)OC4C(C(C(C(O4)CO)O)O)O)O)O)O,1683.6,28.06
27,"InChI=1S/C21H22O10/c22-8-16-18(26)19(27)20(28)21(31-16)29-11-5-12(24)17-13(25)7-14(30-15(17)6-11)9-1-3-10(23)4-2-9/h1-6,14,16,18-24,26-28H,7-8H2",C1C(OC2=CC(=CC(=C2C1=O)O)OC3C(C(C(C(O3)CO)O)O)O)C4=CC=C(C=C4)O,1676.4,27.94
29,"InChI=1S/C25H24O13/c1-33-14-3-9(4-15(34-2)19(14)29)23-24(38-25-22(32)21(31)20(30)16(8-26)37-25)11-7-17(28)35-12-5-10(27)6-13(36-23)18(11)12/h3-7,16,20-22,25-26,28-32H,8H2,1-2H3",COC1=CC(=CC(=C1O)OC)C2=C(C3=C4C(=CC(=O)C=C4O2)OC(=C3)O)OC5C(C(C(C(O5)CO)O)O)O,1992.6,33.21
30,"InChI=1S/C28H22O6/c29-15-5-1-13(2-6-15)23-25-19(9-17(31)11-21(25)33)28-24(14-3-7-16(30)8-4-14)26-20(27(23)28)10-18(32)12-22(26)34/h1-12,23-24,27-34H",C1=CC(=CC=C1C2C3C(C(C4=C3C=C(C=C4O)O)C5=CC=C(C=C5)O)C6=C2C(=CC(=C6)O)O)O,1555.2,25.92
31,"InChI=1S/C21H24O10/c22-9-16-18(27)19(28)20(29)21(31-16)30-15-8-12(24)7-14(26)17(15)13(25)6-3-10-1-4-11(23)5-2-10/h1-2,4-5,7-8,16,18-24,26-29H,3,6,9H2",C1=CC(=CC=C1CCC(=O)C2=C(C=C(C=C2OC3C(C(C(C(O3)CO)O)O)O)O)O)O,1776.0,29.6
33,"InChI=1S/C30H26O12/c31-13-7-20(37)24-23(8-13)41-29(12-2-4-16(33)19(36)6-12)27(40)26(24)25-21(38)10-17(34)14-9-22(39)28(42-30(14)25)11-1-3-15(32)18(35)5-11/h1-8,10,22,26-29,31-40H,9H2",C1C(C(OC2=C1C(=CC(=C2C3C(C(OC4=CC(=CC(=C34)O)O)C5=CC(=C(C=C5)O)O)O)O)O)C6=CC(=C(C=C6)O)O)O,1088.55,18.1425
35,"InChI=1S/C27H30O17/c28-6-14-17(33)20(36)22(38)26(42-14)41-12-2-1-8(3-10(12)31)24-25(19(35)16-11(32)4-9(30)5-13(16)40-24)44-27-23(39)21(37)18(34)15(7-29)43-27/h1-5,14-15,17-18,20-23,26-34,36-39H,6-7H2",C1=CC(=C(C=C1C2=C(C(=O)C3=C(C=C(C=C3O2)O)O)OC4C(C(C(C(O4)CO)O)O)O)O)OC5C(C(C(C(O5)CO)O)O)O,1564.2,26.07
36,"InChI=1S/C21H18O13/c22-7-4-10(25)12-11(5-7)32-17(6-1-2-8(23)9(24)3-6)18(13(12)26)33-21-16(29)14(27)15(28)19(34-21)20(30)31/h1-5,14-16,19,21-25,27-29H,(H,30,31)",C1=CC(=C(C=C1C2=C(C(=O)C3=C(C=C(C=C3O2)O)O)OC4C(C(C(C(O4)C(=O)O)O)O)O)O)O,1707.0,28.45
37,"InChI=1S/C21H20O12/c22-6-13-15(26)17(28)19(30)21(33-13)32-11-2-1-7(3-9(11)24)20-18(29)16(27)14-10(25)4-8(23)5-12(14)31-20/h1-5,13,15,17,19,21-26,28-30H,6H2",C1=CC(=C(C=C1C2=C(C(=O)C3=C(C=C(C=C3O2)O)O)O)O)OC4C(C(C(C(O4)CO)O)O)O,1824.0,30.4
39,"InChI=1S/C21H20O12/c22-6-12(27)19-16(29)17(30)21(32-19)33-20-15(28)14-11(26)4-8(23)5-13(14)31-18(20)7-1-2-9(24)10(25)3-7/h1-5,12,16-17,19,21-27,29-30H,6H2",C1=CC(=C(C=C1C2=C(C(=O)C3=C(C=C(C=C3O2)O)O)OC4C(C(C(O4)C(CO)O)O)O)O)O,1746.0,29.1
40,"InChI=1S/C27H30O16/c1-8-17(32)20(35)22(37)26(40-8)39-7-15-18(33)21(36)23(38)27(42-15)43-25-19(34)16-13(31)5-10(28)6-14(16)41-24(25)9-2-3-11(29)12(30)4-9/h2-6,8,15,17-18,20-23,26-33,35-38H,7H2,1H3",CC1C(C(C(C(O1)OCC2C(C(C(C(O2)OC3=C(OC4=CC(=CC(=C4C3=O)O)O)C5=CC(=C(C=C5)O)O)O)O)O)O)O)O,1746.0,29.1
44,"InChI=1S/C21H24O10/c22-8-14-17(27)19(29)20(30)21(31-14)16-13(26)7-12(25)15(18(16)28)11(24)6-3-9-1-4-10(23)5-2-9/h1-2,4-5,7,14,17,19-23,25-30H,3,6,8H2",C1=CC(=CC=C1CCC(=O)C2=C(C=C(C(=C2O)C3C(C(C(C(O3)CO)O)O)O)O)O)O,1879.2,31.32
46,"InChI=1S/C27H32O14/c1-10-20(32)22(34)24(36)26(37-10)41-25-23(35)21(33)18(9-28)40-27(25)38-13-6-14(30)19-15(31)8-16(39-17(19)7-13)11-2-4-12(29)5-3-11/h2-7,10,16,18,20-30,32-36H,8-9H2,1H3",CC1C(C(C(C(O1)OC2C(C(C(OC2OC3=CC(=C4C(=O)CC(OC4=C3)C5=CC=C(C=C5)O)O)CO)O)O)O)O)O,1716.0,28.6
49,"InChI=1S/C26H24O14/c1-35-14-3-9(4-15(36-2)19(14)29)23-24(40-26-22(32)21(31)20(30)17(8-27)39-26)11-7-16(25(33)34)37-12-5-10(28)6-13(38-23)18(11)12/h3-7,17,20-22,26-27,29-32H,8H2,1-2H3,(H,33,34)",COC1=CC(=CC(=C1O)OC)C2=C(C3=C4C(=CC(=O)C=C4O2)OC(=C3)C(=O)O)OC5C(C(C(C(O5)CO)O)O)O,1698.0,28.3
50,"InChI=1S/C25H24O12/c1-32-15-5-10(6-16(33-2)19(15)28)23-24(37-25-22(31)21(30)20(29)17(9-26)36-25)12-3-4-34-13-7-11(27)8-14(35-23)18(12)13/h3-8,17,20-22,25-26,28-31H,9H2,1-2H3",COC1=CC(=CC(=C1O)OC)C2=C(C3=C4C(=CC(=O)C=C4O2)OC=C3)OC5C(C(C(C(O5)CO)O)O)O,1619.64,26.994000000000003
51,"InChI=1S/C26H26O12/c1-10-4-13-19-14(35-10)7-12(28)8-15(19)36-24(11-5-16(33-2)20(29)17(6-11)34-3)25(13)38-26-23(32)22(31)21(30)18(9-27)37-26/h4-8,18,21-23,26-27,29-32H,9H2,1-3H3",CC1=CC2=C3C(=CC(=O)C=C3OC(=C2OC4C(C(C(C(O4)CO)O)O)O)C5=CC(=C(C(=C5)OC)O)OC)O1,1717.8,28.63
53,"InChI=1S/C22H18O10/c23-11-6-18-12(8-17(28)21(31-18)9-1-2-13(24)14(25)3-9)19(7-11)32-22(30)10-4-15(26)20(29)16(27)5-10/h1-7,17,21,23-29H,8H2",C1C(C(OC2=C1C(=CC(=C2)O)OC(=O)C3=CC(=C(C(=C3)O)O)O)C4=CC(=C(C=C4)O)O)O,1554.9,25.915000000000003
56,"InChI=1S/C25H24O12/c26-15-5-1-13(9-17(15)28)3-7-21(31)36-20-12-25(24(34)35,11-19(30)23(20)33)37-22(32)8-4-14-2-6-16(27)18(29)10-14/h1-10,19-20,23,26-30,33H,11-12H2,(H,34,35)",C1C(C(C(CC1(C(=O)O)OC(=O)C=CC2=CC(=C(C=C2)O)O)OC(=O)C=CC3=CC(=C(C=C3)O)O)O)O,1492.8,24.88
60,"InChI=1S/C10H14N5O7P/c11-10-13-8-7(9(17)14-10)12-3-15(8)6-1-4(16)5(22-6)2-21-23(18,19)20/h3-6,16H,1-2H2,(H2,18,19,20)(H3,11,13,14,17)",C1C(C(OC1N2C=NC3=C2N=C(NC3=O)N)COP(=O)(O)O)O,479.4,7.989999999999999
79,"InChI=1S/C15H20O4/c1-10(7-13(17)18)5-6-15(19)11(2)8-12(16)9-14(15,3)4/h5-8,19H,9H2,1-4H3,(H,17,18)",CC1=CC(=O)CC(C1(C=CC(=CC(=O)O)C)O)(C)C,1878.0,31.3
82,"InChI=1S/C10H14N5O7P/c11-8-5-9(13-2-12-8)15(3-14-5)10-7(22-23(18,19)20)6(17)4(1-16)21-10/h2-4,6-7,10,16-17H,1H2,(H2,11,12,13)(H2,18,19,20)",C1=NC(=C2C(=N1)N(C=N2)C3C(C(C(O3)CO)O)OP(=O)(O)O)N,653.6999999999999,10.895
83,"InChI=1S/C10H14N5O7P/c11-8-5-9(13-2-12-8)15(3-14-5)10-7(17)6(16)4(22-10)1-21-23(18,19)20/h2-4,6-7,10,16-17H,1H2,(H2,11,12,13)(H2,18,19,20)",C1=NC(=C2C(=N1)N(C=N2)C3C(C(C(O3)COP(=O)(O)O)O)O)N,244.8,4.08
84,"InChI=1S/C14H18N5O11P/c20-7(21)1-5(14(24)25)18-11-8-12(16-3-15-11)19(4-17-8)13-10(23)9(22)6(30-13)2-29-31(26,27)28/h3-6,9-10,13,22-23H,1-2H2,(H,20,21)(H,24,25)(H,15,16,18)(H2,26,27,28)",C1=NC(=C2C(=N1)N(C=N2)C3C(C(C(O3)COP(=O)(O)O)O)O)NC(CC(=O)O)C(=O)O,762.9,12.715
87,"InChI=1S/C29H50O2/c1-20(2)12-9-13-21(3)14-10-15-22(4)16-11-18-29(8)19-17-26-25(7)27(30)23(5)24(6)28(26)31-29/h20-22,30H,9-19H2,1-8H3",CC1=C(C2=C(CCC(O2)(C)CCCC(C)CCCC(C)CCCC(C)C)C(=C1O)C)C,3552.0,59.2
88,"InChI=1S/C28H22O6/c29-18-5-1-15(2-6-18)9-23-24-13-22(33)14-25(34)28(24)27(16-3-7-19(30)8-4-16)26(23)17-10-20(31)12-21(32)11-17/h1-14,26-27,29-34H",C1=CC(=CC=C1C=C2C(C(C3=C2C=C(C=C3O)O)C4=CC=C(C=C4)O)C5=CC(=CC(=C5)O)O)O,1572.9,26.215
89,"InChI=1S/C56H42O12/c57-31-9-1-25(2-10-31)43-47-39(65)23-41-49(45(29-17-35(61)21-36(62)18-29)55(67-41)27-5-13-33(59)14-6-27)53(47)52-44(26-3-11-32(58)12-4-26)48-40(66)24-42-50(54(48)51(43)52)46(30-19-37(63)22-38(64)20-30)56(68-42)28-7-15-34(60)16-8-28/h1-24,43-46,51-52,55-66H",C1=CC(=CC=C1C2C3C(C(C4=C3C5=C(C=C4O)OC(C5C6=CC(=CC(=C6)O)O)C7=CC=C(C=C7)O)C8=CC=C(C=C8)O)C9=C2C(=CC1=C9C(C(O1)C1=CC=C(C=C1)O)C1=CC(=CC(=C1)O)O)O)O,1786.5,29.775
90,"InChI=1S/C20H27NO11/c21-6-10(9-4-2-1-3-5-9)30-20-18(28)16(26)14(24)12(32-20)8-29-19-17(27)15(25)13(23)11(7-22)31-19/h1-5,10-20,22-28H,7-8H2",C1=CC=C(C=C1)C(C#N)OC2C(C(C(C(O2)COC3C(C(C(C(O3)CO)O)O)O)O)O)O,1158.0,19.3
94,"InChI=1S/C21H20O10/c22-8-16-18(26)19(27)20(28)21(31-16)29-11-5-12(24)17-13(25)7-14(30-15(17)6-11)9-1-3-10(23)4-2-9/h1-7,16,18-24,26-28H,8H2",C1=CC(=CC=C1C2=CC(=O)C3=C(C=C(C=C3O2)OC4C(C(C(C(O4)CO)O)O)O)O)O,1734.9,28.915000000000003
95,"InChI=1S/C26H28O14/c27-8-18-20(32)21(33)22(40-25-23(34)26(35,9-28)10-36-25)24(39-18)37-13-5-14(30)19-15(31)7-16(38-17(19)6-13)11-1-3-12(29)4-2-11/h1-7,18,20-25,27-30,32-35H,8-10H2",C1C(C(C(O1)OC2C(C(C(OC2OC3=CC(=C4C(=C3)OC(=CC4=O)C5=CC=C(C=C5)O)O)CO)O)O)O)(CO)O,1773.6,29.56
98,"InChI=1S/C42H30O9/c43-22-7-1-19(2-8-22)40-37-28-13-25(46)17-32-35(28)39(42(50-32)21-5-11-24(45)12-6-21)30-15-27(48)18-33-36(30)38(29-14-26(47)16-31(49-40)34(29)37)41(51-33)20-3-9-23(44)10-4-20/h1-18,37-48H",C1=CC(=CC=C1C2C3C4=C5C(C(OC5=CC(=C4)O)C6=CC=C(C=C6)O)C7=C8C(C(OC8=CC(=C7)O)C9=CC=C(C=C9)O)C1=C3C(=CC(=C1)O)O2)O,1978.5,32.975
106,"InChI=1S/C33H36N4O6/c1-7-20-19(6)32(42)37-27(20)14-25-18(5)23(10-12-31(40)41)29(35-25)15-28-22(9-11-30(38)39)17(4)24(34-28)13-26-16(3)21(8-2)33(43)36-26/h7-8,13-14,34-35H,1-2,9-12,15H2,3-6H3,(H,36,43)(H,37,42)(H,38,39)(H,40,41)",CC1=C(NC(=C1CCC(=O)O)CC2=C(C(=C(N2)C=C3C(=C(C(=O)N3)C)C=C)C)CCC(=O)O)C=C4C(=C(C(=O)N4)C=C)C,3384.6,56.41
115,"InChI=1S/C19H22N2O/c1-2-13-12-21-10-8-14(13)11-18(21)19(22)16-7-9-20-17-6-4-3-5-15(16)17/h2-7,9,13-14,18-19,22H,1,8,10-12H2",C=CC1CN2CCC1CC2C(C3=CC=NC4=CC=CC=C34)O,1149.0,19.15
130,"InChI=1S/C21H20O11/c22-7-16-17(27)18(28)19(29)21(32-16)31-15-6-10-12(25)4-9(23)5-14(10)30-20(15)8-1-2-11(24)13(26)3-8/h1-6,16-19,21-22,27-29H,7H2,(H3-,23,24,25,26)/p+1/t16-,17+,18+,19-,21-/m1/s1",C1=CC(=C(C=C1C2=[O+]C3=CC(=CC(=C3C=C2O[C@H]4[C@@H]([C@H]([C@H]([C@H](O4)CO)O)O)O)O)O)O)O,1326.0,22.1
131,"InChI=1S/C27H30O16/c28-7-17-19(34)21(36)23(38)26(41-17)43-25-22(37)20(35)18(8-29)42-27(25)40-16-6-11-13(32)4-10(30)5-15(11)39-24(16)9-1-2-12(31)14(33)3-9/h1-6,17-23,25-29,34-38H,7-8H2,(H3-,30,31,32,33)/p+1/t17?,18?,19-,20-,21?,22?,23-,25?,26+,27-/m1/s1",C1=CC(=C(C=C1C2=[O+]C3=CC(=CC(=C3C=C2O[C@H]4C(C([C@@H](C(O4)CO)O)O)O[C@H]5[C@@H](C([C@@H](C(O5)CO)O)O)O)O)O)O)O,1284.0,21.4
132,"InChI=1S/C27H30O16/c28-7-17-19(33)21(35)23(37)26(42-17)40-15-5-10(30)4-14-11(15)6-16(25(39-14)9-1-2-12(31)13(32)3-9)41-27-24(38)22(36)20(34)18(8-29)43-27/h1-6,17-24,26-29,33-38H,7-8H2,(H2-,30,31,32)/p+1/t17?,18?,19-,20-,21+,22?,23?,24?,26-,27-/m1/s1",C1=CC(=C(C=C1C2=C(C=C3C(=CC(=CC3=[O+]2)O)O[C@H]4C([C@H]([C@@H](C(O4)CO)O)O)O)O[C@H]5C(C([C@@H](C(O5)CO)O)O)O)O)O,1102.5,18.375
133,"InChI=1S/C20H18O10/c21-9-4-12(23)10-6-16(30-20-18(27)17(26)14(25)7-28-20)19(29-15(10)5-9)8-1-2-11(22)13(24)3-8/h1-6,14,17-18,20,25-27H,7H2,(H3-,21,22,23,24)/p+1",C1C(C(C(C(O1)OC2=CC3=C(C=C(C=C3[O+]=C2C4=CC(=C(C=C4)O)O)O)O)O)O)O,1386.0,23.1
134,"InChI=1S/C27H30O15/c1-9-19(32)21(34)23(36)26(39-9)38-8-18-20(33)22(35)24(37)27(42-18)41-17-7-12-14(30)5-11(28)6-16(12)40-25(17)10-2-3-13(29)15(31)4-10/h2-7,9,18-24,26-27,32-37H,8H2,1H3,(H3-,28,29,30,31)/p+1/t9-,18+,19-,20+,21+,22-,23+,24+,26+,27+/m0/s1",C[C@H]1[C@@H]([C@H]([C@H]([C@@H](O1)OC[C@@H]2[C@H]([C@@H]([C@H]([C@@H](O2)OC3=CC4=C(C=C(C=C4[O+]=C3C5=CC(=C(C=C5)O)O)O)O)O)O)O)O)O)O,1386.0,23.1
143,"InChI=1S/C27H30O16/c1-8-18(32)21(35)23(37)26(40-8)39-7-17-20(34)22(36)24(38)27(43-17)42-16-6-11-12(29)4-10(28)5-15(11)41-25(16)9-2-13(30)19(33)14(31)3-9/h2-6,8,17-18,20-24,26-27,32,34-38H,7H2,1H3,(H4-,28,29,30,31,33)/p+1/t8?,17?,18-,20+,21-,22?,23?,24?,26+,27+/m0/s1",CC1[C@@H]([C@@H](C([C@@H](O1)OCC2[C@H](C(C([C@@H](O2)OC3=CC4=C(C=C(C=C4[O+]=C3C5=CC(=C(C(=C5)O)O)O)O)O)O)O)O)O)O)O,1314.0,21.9
144,"InChI=1S/C21H20O12/c22-6-15-17(28)18(29)19(30)21(33-15)32-14-5-9-10(24)3-8(23)4-13(9)31-20(14)7-1-11(25)16(27)12(26)2-7/h1-5,15,17-19,21-22,28-30H,6H2,(H4-,23,24,25,26,27)/p+1/t15-,17-,18+,19-,21-/m1/s1",C1=C(C=C(C(=C1O)O)O)C2=[O+]C3=CC(=CC(=C3C=C2O[C@H]4[C@@H]([C@H]([C@@H]([C@H](O4)CO)O)O)O)O)O,1254.0,20.9
151,"InChI=1S/C42H32O9/c43-27-9-2-22(3-10-27)1-4-25-15-32(48)20-35-37(25)40(42(50-35)24-7-13-29(45)14-8-24)34-19-33(49)21-36-39(34)38(26-16-30(46)18-31(47)17-26)41(51-36)23-5-11-28(44)12-6-23/h1-21,38,40-49H",C1=CC(=CC=C1C=CC2=C3C(C(OC3=CC(=C2)O)C4=CC=C(C=C4)O)C5=C6C(C(OC6=CC(=C5)O)C7=CC=C(C=C7)O)C8=CC(=CC(=C8)O)O)O,1958.85,32.6475
162,"InChI=1S/C27H33N9O15P2/c1-10-3-12-13(4-11(10)2)35(24-18(32-12)25(42)34-27(43)33-24)5-14(37)19(39)15(38)6-48-52(44,45)51-53(46,47)49-7-16-20(40)21(41)26(50-16)36-9-31-17-22(28)29-8-30-23(17)36/h3-4,8-9,14-16,19-21,26,37-41H,5-7H2,1-2H3,(H,44,45)(H,46,47)(H2,28,29,30)(H,34,42,43)",CC1=CC2=C(C=C1C)N(C3=NC(=O)NC(=O)C3=N2)CC(C(C(COP(=O)(O)OP(=O)(O)OCC4C(C(C(O4)N5C=NC6=C(N=CN=C65)N)O)O)O)O)O,1242.0,20.7
164,"InChI=1S/C17H21N4O9P/c1-7-3-9-10(4-8(7)2)21(15-13(18-9)16(25)20-17(26)19-15)5-11(22)14(24)12(23)6-30-31(27,28)29/h3-4,11-12,14,22-24H,5-6H2,1-2H3,(H,20,25,26)(H2,27,28,29)",CC1=CC2=C(C=C1C)N(C3=NC(=O)NC(=O)C3=N2)CC(C(C(COP(=O)(O)O)O)O)O,1314.0,21.9
165,"InChI=1S/C19H19N7O6/c20-19-25-15-14(17(30)26-19)23-11(8-22-15)7-21-10-3-1-9(2-4-10)16(29)24-12(18(31)32)5-6-13(27)28/h1-4,8,12,21H,5-7H2,(H,24,29)(H,27,28)(H,31,32)(H3,20,22,25,26,30)",C1=CC(=CC=C1C(=O)NC(CCC(=O)O)C(=O)O)NCC2=CN=C3C(=N2)C(=O)NC(=N3)N,1278.0,21.3
181,"InChI=1S/C19H22O6/c1-9-7-17-8-18(9,24)5-3-10(17)19-6-4-11(20)16(2,15(23)25-19)13(19)12(17)14(21)22/h4,6,10-13,20,24H,1,3,5,7-8H2,2H3,(H,21,22)",CC12C(C=CC3(C1C(C45C3CCC(C4)(C(=C)C5)O)C(=O)O)OC2=O)O,1529.4,25.490000000000002
183,"InChI=1S/C20H32N6O12S2/c21-9(19(35)36)1-3-13(27)25-11(17(33)23-5-15(29)30)7-39-40-8-12(18(34)24-6-16(31)32)26-14(28)4-2-10(22)20(37)38/h9-12H,1-8,21-22H2,(H,23,33)(H,24,34)(H,25,27)(H,26,28)(H,29,30)(H,31,32)(H,35,36)(H,37,38)",C(CC(=O)NC(CSSCC(C(=O)NCC(=O)O)NC(=O)CCC(C(=O)O)N)C(=O)NCC(=O)O)C(C(=O)O)N,580.5,9.675
203,"InChI=1S/C21H18O12/c22-8-3-1-7(2-4-8)17-18(13(25)12-10(24)5-9(23)6-11(12)31-17)32-21-16(28)14(26)15(27)19(33-21)20(29)30/h1-6,14-16,19,21-24,26-28H,(H,29,30)",C1=CC(=CC=C1C2=C(C(=O)C3=C(C=C(C=C3O2)O)O)OC4C(C(C(C(O4)C(=O)O)O)O)O)O,1840.5,30.675
208,"InChI=1S/C42H82NO8P/c1-6-8-10-12-14-16-18-20-21-23-25-27-29-31-33-35-42(45)51-40(39-50-52(46,47)49-37-36-43(3,4)5)38-48-41(44)34-32-30-28-26-24-22-19-17-15-13-11-9-7-2/h20-21,40H,6-19,22-39H2,1-5H3",CCCCCCCCCCCCCCCC(=O)OCC(COP(=O)([O-])OCC[N+](C)(C)C)OC(=O)CCCCCCCC=CCCCCCCCC,3594.0,59.9
228,"InChI=1S/C29H34O17/c1-40-15-3-10(4-16(41-2)20(15)33)27-17(44-29-26(39)24(37)22(35)19(9-31)46-29)7-12-13(42-27)5-11(32)6-14(12)43-28-25(38)23(36)21(34)18(8-30)45-28/h3-7,18-19,21-26,28-31,33-39H,8-9H2,1-2H3",COC1=CC(=CC(=C1O)OC)C2=C(C=C3C(=CC(=O)C=C3OC4C(C(C(C(O4)CO)O)O)O)O2)OC5C(C(C(C(O5)CO)O)O)O,1240.8,20.68
229,"InChI=1S/C23H24O12/c1-31-14-3-9(4-15(32-2)18(14)27)22-16(7-11-12(26)5-10(25)6-13(11)33-22)34-23-21(30)20(29)19(28)17(8-24)35-23/h3-7,17,19-21,23-24,26-30H,8H2,1-2H3",COC1=CC(=CC(=C1O)OC)C2=C(C=C3C(=CC(=O)C=C3O2)O)OC4C(C(C(C(O4)CO)O)O)O,1452.0,24.2
248,"InChI=1S/C21H20O12/c1-6-14(26)17(29)18(30)21(31-6)33-20-16(28)13-9(23)4-8(22)5-12(13)32-19(20)7-2-10(24)15(27)11(25)3-7/h2-6,14,17-18,21-27,29-30H,1H3",CC1C(C(C(C(O1)OC2=C(OC3=CC(=CC(=C3C2=O)O)O)C4=CC(=C(C(=C4)O)O)O)O)O)O,1698.0,28.3
257,"InChI=1S/C21H26N6O15P2/c22-17-12-18(24-7-23-17)27(8-25-12)20-16(31)14(29)11(41-20)6-39-44(36,37)42-43(34,35)38-5-10-13(28)15(30)19(40-10)26-3-1-2-9(4-26)21(32)33/h1-4,7-8,10-11,13-16,19-20,28-31H,5-6H2,(H4-,22,23,24,32,33,34,35,36,37)/p+1/t10-,11-,13-,14-,15-,16-,19-,20-/m1/s1",C1=CC(=C[N+](=C1)[C@H]2[C@@H]([C@@H]([C@H](O2)COP(=O)(O)OP(=O)(O)OC[C@@H]3[C@H]([C@H]([C@@H](O3)N4C=NC5=C(N=CN=C54)N)O)O)O)O)C(=O)O,498.0000000000001,8.300000000000002
258,"InChI=1S/C11H14NO9P/c13-8-7(5-20-22(17,18)19)21-10(9(8)14)12-3-1-2-6(4-12)11(15)16/h1-4,7-10,13-14H,5H2,(H2-,15,16,17,18,19)",C1=CC(=C[N+](=C1)C2C(C(C(O2)COP(=O)(O)[O-])O)O)C(=O)O,126.0,2.1
264,"InChI=1S/C21H20O11/c22-6-14-17(28)18(29)19(30)21(32-14)16-11(26)4-10(25)15-12(27)5-13(31-20(15)16)7-1-2-8(23)9(24)3-7/h1-5,14,17-19,21-26,28-30H,6H2",C1=CC(=C(C=C1C2=CC(=O)C3=C(O2)C(=C(C=C3O)O)C4C(C(C(C(O4)CO)O)O)O)O)O,1529.1,25.485
267,"InChI=1S/C27H30O15/c28-8-17-19(32)21(34)23(36)26(41-17)39-15-6-12(31)5-14-13(15)7-16(25(38-14)10-1-3-11(30)4-2-10)40-27-24(37)22(35)20(33)18(9-29)42-27/h1-7,17-24,26-29,32-37H,8-9H2,(H-,30,31)/p+1",C1=CC(=CC=C1C2=C(C=C3C(=CC(=CC3=[O+]2)O)OC4C(C(C(C(O4)CO)O)O)O)OC5C(C(C(C(O5)CO)O)O)O)O,1176.0,19.6
268,"InChI=1S/C21H20O10/c22-8-16-17(26)18(27)19(28)21(31-16)30-15-7-12-13(25)5-11(24)6-14(12)29-20(15)9-1-3-10(23)4-2-9/h1-7,16-19,21-22,26-28H,8H2,(H2-,23,24,25)/p+1/t16-,17-,18+,19-,21-/m1/s1",C1=CC(=CC=C1C2=[O+]C3=CC(=CC(=C3C=C2O[C@H]4[C@@H]([C@H]([C@@H]([C@H](O4)CO)O)O)O)O)O)O,1422.0,23.7
269,"InChI=1S/C26H28O16/c27-9-4-12(30)16-14(5-9)40-23(8-1-2-10(28)11(29)3-8)24(19(16)34)42-26-22(37)20(35)18(33)15(41-26)7-39-25-21(36)17(32)13(31)6-38-25/h1-5,13,15,17-18,20-22,25-33,35-37H,6-7H2",C1C(C(C(C(O1)OCC2C(C(C(C(O2)OC3=C(OC4=CC(=CC(=C4C3=O)O)O)C5=CC(=C(C=C5)O)O)O)O)O)O)O)O,1697.7,28.295
270,"InChI=1S/C28H32O16/c1-39-16-4-10(2-3-13(16)32)26-17(42-28-25(38)23(36)21(34)19(9-30)44-28)7-12-14(40-26)5-11(31)6-15(12)41-27-24(37)22(35)20(33)18(8-29)43-27/h2-7,18-25,27-30,33-38H,8-9H2,1H3,(H-,31,32)/p+1/t18?,19?,20-,21-,22+,23?,24?,25?,27-,28-/m1/s1",COC1=C(C=CC(=C1)C2=C(C=C3C(=CC(=CC3=[O+]2)O)O[C@H]4C([C@H]([C@@H](C(O4)CO)O)O)O)O[C@H]5C(C([C@@H](C(O5)CO)O)O)O)O,1212.0,20.2
271,"InChI=1S/C22H22O11/c1-30-15-4-9(2-3-12(15)25)21-16(7-11-13(26)5-10(24)6-14(11)31-21)32-22-20(29)19(28)18(27)17(8-23)33-22/h2-7,17-20,22-23,27-29H,8H2,1H3,(H2-,24,25,26)/p+1/t17?,18-,19?,20?,22+/m0/s1",COC1=C(C=CC(=C1)C2=[O+]C3=CC(=CC(=C3C=C2O[C@H]4C(C([C@H](C(O4)CO)O)O)O)O)O)O,1439.4,23.990000000000002
272,"InChI=1S/C21H20O10/c1-28-16-4-9(2-3-12(16)23)20-17(31-21-19(27)18(26)14(25)8-29-21)7-11-13(24)5-10(22)6-15(11)30-20/h2-7,14,18-19,21,25-27H,8H2,1H3,(H2-,22,23,24)/p+1/t14-,18-,19+,21-/m0/s1",COC1=C(C=CC(=C1)C2=[O+]C3=CC(=CC(=C3C=C2O[C@H]4[C@@H]([C@H]([C@H](CO4)O)O)O)O)O)O,1488.0,24.8
275,"InChI=1S/C22H22O12/c1-31-14-3-8(2-12(26)17(14)27)21-15(6-10-11(25)4-9(24)5-13(10)32-21)33-22-20(30)19(29)18(28)16(7-23)34-22/h2-6,16,18-20,22-23,28-30H,7H2,1H3,(H3-,24,25,26,27)/p+1/t16-,18-,19+,20-,22-/m1/s1",COC1=CC(=CC(=C1O)O)C2=[O+]C3=CC(=CC(=C3C=C2O[C@H]4[C@@H]([C@H]([C@@H]([C@H](O4)CO)O)O)O)O)O,1374.0,22.9
278,"InChI=1S/C17H19NO3/c19-17(18-10-4-1-5-11-18)7-3-2-6-14-8-9-15-16(12-14)21-13-20-15/h2-3,6-9,12H,1,4-5,10-11,13H2",C1CCN(CC1)C(=O)C=CC=CC2=CC3=C(C=C2)OCO3,2442.0,40.7
280,"InChI=1S/C30H24O12/c31-13-7-20(37)24-22(8-13)41-30(12-2-4-16(33)19(36)6-12)29(39)26(24)25-23(42-30)10-17(34)14-9-21(38)27(40-28(14)25)11-1-3-15(32)18(35)5-11/h1-8,10,21,26-27,29,31-39H,9H2",C1C(C(OC2=C1C(=CC3=C2C4C(C(O3)(OC5=CC(=CC(=C45)O)O)C6=CC(=C(C=C6)O)O)O)O)C7=CC(=C(C=C7)O)O)O,1512.0,25.2
290,"InChI=1S/C21H20O12/c22-6-13-15(27)17(29)18(30)21(32-13)33-20-16(28)14-11(26)4-8(23)5-12(14)31-19(20)7-1-2-9(24)10(25)3-7/h1-5,13,15,17-18,21-27,29-30H,6H2",C1=CC(=C(C=C1C2=C(C(=O)C3=C(C=C(C=C3O2)O)O)OC4C(C(C(C(O4)CO)O)O)O)O)O,1737.0,28.95
291,"InChI=1S/C23H22O13/c1-8(24)33-7-15-17(29)19(31)20(32)23(35-15)36-22-18(30)16-13(28)5-10(25)6-14(16)34-21(22)9-2-3-11(26)12(27)4-9/h2-6,15,17,19-20,23,25-29,31-32H,7H2,1H3",CC(=O)OCC1C(C(C(C(O1)OC2=C(OC3=CC(=CC(=C3C2=O)O)O)C4=CC(=C(C=C4)O)O)O)O)O,1859.1,30.985
292,"InChI=1S/C21H20O11/c1-7-15(26)17(28)18(29)21(30-7)32-20-16(27)14-12(25)5-9(22)6-13(14)31-19(20)8-2-3-10(23)11(24)4-8/h2-7,15,17-18,21-26,28-29H,1H3",CC1C(C(C(C(O1)OC2=C(OC3=CC(=CC(=C3C2=O)O)O)C4=CC(=C(C=C4)O)O)O)O)O,1866.0,31.1
293,"InChI=1S/C18H32O16/c19-1-5-8(22)11(25)13(27)16(31-5)30-3-7-9(23)12(26)14(28)17(32-7)34-18(4-21)15(29)10(24)6(2-20)33-18/h5-17,19-29H,1-4H2",C(C1C(C(C(C(O1)OCC2C(C(C(C(O2)OC3(C(C(C(O3)CO)O)O)CO)O)O)O)O)O)O)O,156.3,2.605
296,"InChI=1S/C17H20N4O6/c1-7-3-9-10(4-8(7)2)21(5-11(23)14(25)12(24)6-22)15-13(18-9)16(26)20-17(27)19-15/h3-4,11-12,14,22-25H,5-6H2,1-2H3,(H,20,26,27)",CC1=CC2=C(C=C1C)N(C3=NC(=O)NC(=O)C3=N2)CC(C(C(CO)O)O)O,1434.0,23.9
297,"InChI=1S/C33H40O19/c1-10-19(36)23(40)26(43)31(47-10)46-9-17-21(38)25(42)28(45)33(51-17)52-30-22(39)18-15(35)7-14(49-32-27(44)24(41)20(37)11(2)48-32)8-16(18)50-29(30)12-3-5-13(34)6-4-12/h3-8,10-11,17,19-21,23-28,31-38,40-45H,9H2,1-2H3",CC1C(C(C(C(O1)OCC2C(C(C(C(O2)OC3=C(OC4=CC(=CC(=C4C3=O)O)OC5C(C(C(C(O5)C)O)O)O)C6=CC=C(C=C6)O)O)O)O)O)O)O,1716.0,28.6
298,"InChI=1S/C18H16O8/c19-12-4-1-10(7-14(12)21)3-6-17(23)26-16(18(24)25)9-11-2-5-13(20)15(22)8-11/h1-8,16,19-22H,9H2,(H,24,25)",C1=CC(=C(C=C1CC(C(=O)O)OC(=O)C=CC2=CC(=C(C=C2)O)O)O)O,1798.5,29.975
301,"InChI=1S/C20H36O2/c1-7-18(4,21)13-9-16-19(5)12-8-11-17(2,3)15(19)10-14-20(16,6)22/h7,15-16,21-22H,1,8-14H2,2-6H3",CC1(CCCC2(C1CCC(C2CCC(C)(C=C)O)(C)O)C)C,3006.0,50.1
310,"InChI=1S/C24H42O21/c25-1-6-10(28)14(32)17(35)21(41-6)39-3-8-11(29)15(33)18(36)22(42-8)40-4-9-12(30)16(34)19(37)23(43-9)45-24(5-27)20(38)13(31)7(2-26)44-24/h6-23,25-38H,1-5H2",C(C1C(C(C(C(O1)OCC2C(C(C(C(O2)OCC3C(C(C(C(O3)OC4(C(C(C(O4)CO)O)O)CO)O)O)O)O)O)O)O)O)O)O,144.0,2.4
313,"InChI=1S/C18H20N2O6/c1-23-13-5-11(6-14(24-2)17(13)21)9-19-20-10-12-7-15(25-3)18(22)16(8-12)26-4/h5-10,21-22H,1-4H3",COC1=CC(=CC(=C1O)OC)C=NN=CC2=CC(=C(C(=C2)OC)O)OC,2129.4,35.49
316,"InChI=1S/C23H24O13/c1-32-12-3-8(4-13(33-2)16(12)27)21-22(18(29)15-10(26)5-9(25)6-11(15)34-21)36-23-20(31)19(30)17(28)14(7-24)35-23/h3-6,14,17,19-20,23-28,30-31H,7H2,1-2H3",COC1=CC(=CC(=C1O)OC)C2=C(C(=O)C3=C(C=C(C=C3O2)O)O)OC4C(C(C(C(O4)CO)O)O)O,1894.05,31.5675
317,"InChI=1S/C26H45NO7S/c1-15(4-7-23(31)27-10-11-35(32,33)34)18-5-6-19-24-20(14-22(30)26(18,19)3)25(2)9-8-17(28)12-16(25)13-21(24)29/h15-22,24,28-30H,4-14H2,1-3H3,(H,27,31)(H,32,33,34)/t15-,16+,17-,18-,19+,20+,21-,22+,24+,25+,26-/m1/s1",C[C@H](CCC(=O)NCCS(=O)(=O)O)[C@H]1CC[C@@H]2[C@@]1([C@H](C[C@H]3[C@H]2[C@@H](C[C@H]4[C@@]3(CC[C@H](C4)O)C)O)O)C,2538.0,42.3
321,"InChI=1S/C12H17N4OS/c1-8-11(3-4-17)18-7-16(8)6-10-5-14-9(2)15-12(10)13/h5,7,17H,3-4,6H2,1-2H3,(H2,13,14,15)/q+1",CC1=C(SC=[N+]1CC2=CN=C(N=C2N)C)CCO,96.0,1.6
331,"InChI=1S/C9H12N2O6/c12-3-4-6(14)7(15)8(17-4)11-2-1-5(13)10-9(11)16/h1-2,4,6-8,12,14-15H,3H2,(H,10,13,16)/t4-,6-,7-,8-/m1/s1",C1=CN(C(=O)NC1=O)[C@H]2[C@@H]([C@@H]([C@H](O2)CO)O)O,420.3,7.005
335,"InChI=1S/C56H42O12/c57-31-9-1-25(2-10-31)43-47-39(65)23-41-49(45(29-17-35(61)21-36(62)18-29)55(67-41)27-5-13-33(59)14-6-27)53(47)52-44(26-3-11-32(58)12-4-26)51(43)54-48(52)40(66)24-42-50(54)46(30-19-37(63)22-38(64)20-30)56(68-42)28-7-15-34(60)16-8-28/h1-24,43-46,51-52,55-66H",C1=CC(=CC=C1C2C3C(C4=C(C2C5=C3C6=C(C=C5O)OC(C6C7=CC(=CC(=C7)O)O)C8=CC=C(C=C8)O)C9=C(C=C4O)OC(C9C1=CC(=CC(=C1)O)O)C1=CC=C(C=C1)O)C1=CC=C(C=C1)O)O,1739.4,28.990000000000002
336,"InChI=1S/C31H46O2/c1-22(2)12-9-13-23(3)14-10-15-24(4)16-11-17-25(5)20-21-27-26(6)30(32)28-18-7-8-19-29(28)31(27)33/h7-8,18-20,22-24H,9-17,21H2,1-6H3",CC1=C(C(=O)C2=CC=CC=C2C1=O)CC=C(C)CCCC(C)CCCC(C)CCCC(C)C,3462.0,57.7
343,"InChI=1S/C26H45NO7S/c1-16(4-7-23(30)27-12-13-34-35(31,32)33)19-5-6-20-24-21(9-11-26(19,20)3)25(2)10-8-18(28)14-17(25)15-22(24)29/h16-22,24,28-29H,4-15H2,1-3H3,(H,27,30)(H,31,32,33)",CC(CCC(=O)NCCOS(=O)(=O)O)C1CCC2C1(CCC3C2C(CC4C3(CCC(C4)O)C)O)C,2736.0,45.6
